{"cameraMode":{"drawMode":0,"name":"Shaded","section":"Shading Mode"},"sceneLighting":false,"audioPlay":false,"sceneViewState":{"m_AlwaysRefresh":false,"showFog":true,"showSkybox":false,"showFlares":true,"showImageEffects":true,"showParticleSystems":true,"showVisualEffectGraphs":true,"m_FxEnabled":true},"in2DMode":false,"pivot":{"x":-1.6094183921813965,"y":-0.012208938598632813,"z":2.825651168823242},"rotation":{"x":0.2302246242761612,"y":0.1256636679172516,"z":-0.030193615704774858,"w":0.9646214842796326},"size":9.918100357055664,"orthographic":false}