{"cameraMode":{"drawMode":0,"name":"Shaded","section":"Shading Mode"},"sceneLighting":false,"audioPlay":false,"sceneViewState":{"m_AlwaysRefresh":false,"showFog":true,"showSkybox":false,"showFlares":true,"showImageEffects":true,"showParticleSystems":true,"showVisualEffectGraphs":true,"m_FxEnabled":true},"in2DMode":false,"pivot":{"x":23.69338035583496,"y":-12.14919662475586,"z":-58.04624938964844},"rotation":{"x":0.0075171650387346748,"y":-0.984408438205719,"z":0.17030766606330872,"w":0.043447621166706088},"size":26.172910690307618,"orthographic":false}