{"cameraMode":{"drawMode":0,"name":"Shaded","section":"Shading Mode"},"sceneLighting":false,"audioPlay":false,"sceneViewState":{"m_AlwaysRefresh":false,"showFog":true,"showSkybox":false,"showFlares":true,"showImageEffects":true,"showParticleSystems":true,"showVisualEffectGraphs":true,"m_FxEnabled":true},"in2DMode":false,"pivot":{"x":11.59830379486084,"y":2.070564031600952,"z":6.386316299438477},"rotation":{"x":-0.09578507393598557,"y":-0.25735974311828616,"z":0.025623004883527757,"w":-0.9612760543823242},"size":17.520557403564454,"orthographic":false}