{"cameraMode":{"drawMode":0,"name":"Shaded","section":"Shading Mode"},"sceneLighting":false,"audioPlay":false,"sceneViewState":{"m_AlwaysRefresh":false,"showFog":true,"showSkybox":false,"showFlares":true,"showImageEffects":true,"showParticleSystems":true,"showVisualEffectGraphs":true,"m_FxEnabled":true},"in2DMode":false,"pivot":{"x":-3.3331830501556398,"y":7.355732440948486,"z":-52.31511306762695},"rotation":{"x":-0.10196010023355484,"y":-0.17748227715492249,"z":0.018491268157958986,"w":-0.9786559343338013},"size":0.8660253882408142,"orthographic":false}